subject,version,moral_wrong,moral_will,moralRT,gender,age,politics,race,timestamp,id
A2XQ3CFB5HT2ZQ,experiment3_replication_real,-1,-1,-1,Female,59,-1,White,2021-12-21 13:53:05,674
A2AT5B7RW4VXBX,experiment3_replication_real,-1,-1,-1,Female,40,-1,White,2021-12-21 13:53:32,675
A2A1FS0KVLJ9ZT,experiment3_replication_real,-1,-1,-1,Other,31,-1,Black or African American,2021-12-21 13:54:07,676
A11S8IAAVDXCUS,experiment3_replication_real,-1,-1,-1,Female,31,-1,White,2021-12-21 13:55:25,677
ANHO7XT3KW3IY,experiment3_replication_real,-1,-1,-1,Female,33,-1,White,2021-12-21 13:55:47,678
A19TD2J8506A4Y,experiment3_replication_real,-1,-1,-1,Male,45,-1,White,2021-12-21 13:55:59,679
A3I5EF53A51KYU,experiment3_replication_real,-1,-1,-1,Female,29,-1,White,2021-12-21 13:56:13,680
AKZUP3VY594E8,experiment3_replication_real,-1,-1,-1,Female,36,-1,White,2021-12-21 13:56:39,681
A278Q2BHCINITH,experiment3_replication_real,-1,-1,-1,Female,47,-1,White,2021-12-21 13:56:42,682
A9IYXJT90J0NK,experiment3_replication_real,-1,-1,-1,Male,38,-1,Asian,2021-12-21 13:57:00,683
A35S5YV2XL971J,experiment3_replication_real,-1,-1,-1,Male,24,-1,White,2021-12-21 14:00:44,684
A34EHWOYRBL6OZ,experiment3_replication_real,-1,-1,-1,Female,34,-1,White,2021-12-21 14:01:20,685
APTOZCGNUCXPS,experiment3_replication_real,-1,-1,-1,Male,25,-1,"Hispanic, Latinx, or Spanish origin",2021-12-21 14:02:30,686
ARLGZWN6W91WD,experiment3_replication_real,-1,-1,-1,Female,33,-1,White,2021-12-21 14:03:21,687
A1WEN4S934ZZ1U,experiment3_replication_real,-1,-1,-1,Female,24,-1,Asian,2021-12-21 14:04:45,688
A2DLYBXZNSSJ4S,experiment3_replication_real,-1,-1,-1,Male,27,-1,White,2021-12-21 14:05:35,689
AZCGSVDT79E6X,experiment3_replication_real,-1,-1,-1,Male,27,-1,White,2021-12-21 14:06:12,690
A101U3FTZYY87V,experiment3_replication_real,-1,-1,-1,Male,37,-1,White,2021-12-21 14:06:59,691
A1NIKHUA79SWGD,experiment3_replication_real,-1,-1,-1,Male,28,-1,White,2021-12-21 14:07:38,692
A14KDNZSWDFIE7,experiment3_replication_real,-1,-1,-1,Male,29,-1,Black or African American,2021-12-21 14:11:03,693
A1DUPOUC9RNU4L,experiment3_replication_real,-1,-1,-1,Female,60,-1,White,2021-12-21 14:13:58,694
A2EED3HLTA96CP,experiment3_replication_real,-1,-1,-1,Female,43,-1,White,2021-12-21 14:18:55,695
A1PTX4IB9R34LI,experiment3_replication_real,-1,-1,-1,Male,40,-1,White,2021-12-21 14:20:02,696
AU849EHZNGV2Z,experiment3_replication_real,-1,-1,-1,Male,36,-1,White,2021-12-21 14:25:46,697
A1PBFDQR599N3K,experiment3_replication_real,-1,-1,-1,Female,56,-1,White,2021-12-21 14:28:48,698
AI5RMOS8R652G,experiment3_replication_real,-1,-1,-1,Female,44,-1,White,2021-12-21 14:29:16,699
A3C8NUIBNZYMT2,experiment3_replication_real,-1,-1,-1,Male,32,-1,"Hispanic, Latinx, or Spanish origin",2021-12-21 14:29:39,700
A1CUDX7TTS2W61,experiment3_replication_real,-1,-1,-1,Male,30,-1,White,2021-12-21 14:30:57,701
AQJWO4YPR3LUQ,experiment3_replication_real,-1,-1,-1,Female,41,-1,White,2021-12-21 14:31:00,702
A33B85TN97HQ33,experiment3_replication_real,-1,-1,-1,Female,49,-1,White,2021-12-21 14:34:41,703
A1KWIJXTC47YWE,experiment3_replication_real,-1,-1,-1,Male,50,-1,White,2021-12-21 14:35:37,704
A3A8P4UR9A0DWQ,experiment3_replication_real,-1,-1,-1,Female,45,-1,White,2021-12-21 14:40:33,705
A1143GKN5T807X,experiment3_replication_real,-1,-1,-1,Female,44,-1,White,2021-12-21 14:40:46,706
A26DHMK9VDG2V2,experiment3_replication_real,-1,-1,-1,Female,36,-1,American Indian or Alaska Native,2021-12-21 14:40:57,707
AJQ71YIGY01HZ,experiment3_replication_real,-1,-1,-1,Female,34,-1,White,2021-12-21 14:41:42,708
A146MSML39KY98,experiment3_replication_real,-1,-1,-1,Female,63,-1,White,2021-12-21 14:53:15,709
A2L8BI5CRPR5WP,experiment3_replication_real,-1,-1,-1,Male,24,-1,White,2021-12-21 14:56:23,710
A1UBV2NP7OVDVV,experiment3_replication_real,-1,-1,-1,Male,40,-1,White,2021-12-21 14:57:45,711
A2AAFWAAS9C1QC,experiment3_replication_real,-1,-1,-1,Female,47,-1,White,2021-12-21 15:00:03,712
AZ4NVW69W0R2,experiment3_replication_real,-1,-1,-1,Female,23,-1,Other,2021-12-21 15:00:59,713
A3MYPYBVHX7FQ2,experiment3_replication_real,-1,-1,-1,Male,51,-1,White,2021-12-21 15:02:55,714
A1ROEDVMTO9Y3X,experiment3_replication_real,-1,-1,-1,Female,50,-1,White,2021-12-21 15:06:38,715
A1ILD5BPLI8X1P,experiment3_replication_real,-1,-1,-1,Male,26,-1,White,2021-12-21 15:06:44,716
A230GPTWWF3SE7,experiment3_replication_real,-1,-1,-1,Female,30,-1,Asian,2021-12-21 15:11:42,717
A3AZJGI9D7C0PD,experiment3_replication_real,-1,-1,-1,Female,41,-1,White,2021-12-21 15:11:58,718
A1PF1T680LSXQ5,experiment3_replication_real,-1,-1,-1,Male,41,-1,White,2021-12-21 15:13:19,719
A3V2XCDF45VN9X,experiment3_replication_real,-1,-1,-1,Male,45,-1,Asian,2021-12-21 15:16:16,720
A1VVR9MA1P9HWJ,experiment3_replication_real,-1,-1,-1,Female,43,-1,White,2021-12-21 15:16:27,721
A16G6PPH1INQL8,experiment3_replication_real,-1,-1,-1,Female,53,-1,White,2021-12-21 15:16:52,722
A1AF25FCVKC87X,experiment3_replication_real,-1,-1,-1,Male,37,-1,White,2021-12-21 15:18:46,723
A2615YW1YERQBO,experiment3_replication_real,-1,-1,-1,Male,56,-1,White,2021-12-21 15:19:03,724
A34YDGVZKRJ0LZ,experiment3_replication_real,-1,-1,-1,Female,50,-1,White,2021-12-21 15:21:59,725
A2ONILC0LZKG6Y,experiment3_replication_real,-1,-1,-1,Female,45,-1,White,2021-12-21 15:22:09,726
A10M63DSIGIEDI,experiment3_replication_real,-1,-1,-1,Male,24,-1,White,2021-12-21 15:23:58,727
A36P1ZQ0GYF567,experiment3_replication_real,-1,-1,-1,Female,31,-1,Asian,2021-12-21 15:24:32,728
A2NKW6JBEM4LL4,experiment3_replication_real,-1,-1,-1,Male,35,-1,White,2021-12-21 15:25:18,729
A1R1E7TZ9OHFIG,experiment3_replication_real,-1,-1,-1,Female,27,-1,Black or African American,2021-12-21 15:31:39,730
A20N1NK5X5S88F,experiment3_replication_real,-1,-1,-1,Male,35,-1,Black or African American,2021-12-21 15:33:04,731
A1WPGNK8Y65BV3,experiment3_replication_real,-1,-1,-1,Female,29,-1,White,2021-12-21 15:39:59,732
A1LJT9OW9UR4GF,experiment3_replication_real,-1,-1,-1,Female,35,-1,White,2021-12-21 15:42:58,733
A2B7SPYBPF7H8I,experiment3_replication_real,-1,-1,-1,Female,53,-1,White,2021-12-21 15:49:14,734
AG2YM9OWQP690,experiment3_replication_real,-1,-1,-1,Female,47,-1,White,2021-12-21 15:54:24,735
A2KRPK3GQR0GA9,experiment3_replication_real,-1,-1,-1,Male,35,-1,White,2021-12-21 16:04:17,736
A55TVOL4JWIAY,experiment3_replication_real,-1,-1,-1,Female,29,-1,White,2021-12-21 16:04:45,737
A2OROMUVBD1NVC,experiment3_replication_real,-1,-1,-1,Female,57,-1,White,2021-12-21 16:05:43,738
A18QU0YQB6Q8DF,experiment3_replication_real,-1,-1,-1,Female,55,-1,White,2021-12-21 16:09:00,739
A2RVFMCKSSEHDV,experiment3_replication_real,-1,-1,-1,Male,28,-1,"Hispanic, Latinx, or Spanish origin",2021-12-21 16:09:43,740
A3QEVFM3UD67BA,experiment3_replication_real,-1,-1,-1,Female,44,-1,"Hispanic, Latinx, or Spanish origin",2021-12-21 16:14:41,741
A1QXBYE81CP9N9,experiment3_replication_real,-1,-1,-1,Female,35,-1,White,2021-12-21 16:15:17,742
A1SNC8UL8YFRH5,experiment3_replication_real,-1,-1,-1,Male,30,-1,White,2021-12-21 16:18:14,743
A2FFSM2AD8ME56,experiment3_replication_real,-1,-1,-1,Female,32,-1,White,2021-12-21 16:21:26,744
AS4NIEQJWCG3M,experiment3_replication_real,-1,-1,-1,Female,33,-1,White,2021-12-21 16:24:49,745
A26SF9CTNKKBYB,experiment3_replication_real,-1,-1,-1,Male,33,-1,White,2021-12-21 16:35:38,746
A5G31TCXD78MY,experiment3_replication_real,-1,-1,-1,Female,54,-1,White,2021-12-21 16:43:57,747
A3UJSDFJ9LBQ6Z,experiment3_replication_real,-1,-1,-1,Female,45,-1,White,2021-12-21 16:44:11,748
AXB86SVXU5SEG,experiment3_replication_real,-1,-1,-1,Female,41,-1,White,2021-12-21 16:50:02,749
A1EH9BPKYXFBS5,experiment3_replication_real,-1,-1,-1,Female,54,-1,White,2021-12-21 16:56:10,750
A2K0L9M1ZZO5C9,experiment3_replication_real,-1,-1,-1,Female,43,-1,White,2021-12-21 17:02:23,751
A2O8I5KDFW41DO,experiment3_replication_real,-1,-1,-1,Male,42,-1,Asian,2021-12-21 17:03:03,752
A2BEL77FLYXFJS,experiment3_replication_real,-1,-1,-1,Female,30,-1,White,2021-12-21 17:07:36,753
A1H5Q9HRH4RPZU,experiment3_replication_real,-1,-1,-1,Male,39,-1,White,2021-12-21 17:17:24,754
AH00EJ6PK1H3A,experiment3_replication_real,-1,-1,-1,Male,37,-1,White,2021-12-21 17:18:34,755
ASUYD8BPYM85M,experiment3_replication_real,-1,-1,-1,Male,33,-1,White,2021-12-21 17:50:57,756
A2MS1GQLGAX9FZ,experiment3_replication_real,-1,-1,-1,Female,23,-1,Asian,2021-12-21 17:55:37,757
A49WTQG4MBT9Z,experiment3_replication_real,-1,-1,-1,Male,31,-1,White,2021-12-21 18:16:37,758
A2THN8O1IQIRP7,experiment3_replication_real,-1,-1,-1,Female,24,-1,White,2021-12-21 18:39:33,759
A3EC3OP6U52JYC,experiment3_replication_real,-1,-1,-1,Male,34,-1,"Hispanic, Latinx, or Spanish origin",2021-12-21 19:40:51,760
A6MWJK1YEY5L2,experiment3_replication_real,-1,-1,-1,Male,36,-1,Black or African American,2021-12-21 19:47:15,761
A1KXYURHCYHKOL,experiment3_replication_real,-1,-1,-1,Male,75,-1,White,2021-12-21 20:17:59,762
A37P8UZ3SAKM7A,experiment3_replication_real,-1,-1,-1,Male,55,-1,White,2021-12-21 20:22:01,763
A3VG22WR5I4UG2,experiment3_replication_real,-1,-1,-1,Male,33,-1,White,2021-12-21 20:32:24,764
A3VDG4N8AVYGQ,experiment3_replication_real,-1,-1,-1,Male,36,-1,White,2021-12-21 22:19:47,765
A3BSK47WPPE876,experiment3_replication_real,-1,-1,-1,Female,33,-1,White,2021-12-21 22:57:25,766
ACZA9ZCVQ5FRU,experiment3_replication_real,-1,-1,-1,Female,39,-1,Asian,2021-12-21 23:04:23,767
A3493E42N1JZVF,experiment3_replication_real,-1,-1,-1,Male,31,-1,White,2021-12-21 23:26:41,768
A28V5XY8A0R6Q5,experiment3_replication_real,-1,-1,-1,Female,41,-1,White,2021-12-22 00:22:21,769
AKR9067Q09RZS,experiment3_replication_real,-1,-1,-1,Male,33,-1,Black or African American,2021-12-22 01:12:33,770
A3W3TEOEEF4Z3X,experiment3_replication_real,-1,-1,-1,Female,38,-1,White,2021-12-22 02:40:47,771
A2GO0EY5FW18AG,experiment3_replication_real,-1,-1,-1,Female,27,-1,White,2021-12-22 02:55:51,772
A1M64R8HPYNNZA,experiment3_replication_real,-1,-1,-1,Male,44,-1,White,2021-12-22 03:38:12,773
A1UURQF07IOXBO,experiment3_replication_real,-1,-1,-1,Male,36,-1,White,2021-12-22 14:33:03,774
A3RKG5PZN97RD5,experiment3_replication_real,-1,-1,-1,Female,51,-1,White,2021-12-22 14:34:41,775
A2TKHXY755FAM,experiment3_replication_real,-1,-1,-1,Female,46,-1,White,2021-12-22 14:34:50,776
A33B85TN97HQ33,experiment3_replication_real,-1,-1,-1,Female,49,-1,White,2021-12-22 14:35:25,777
A3ETZVRL3KZO4O,experiment3_replication_real,-1,-1,-1,Male,35,-1,White,2021-12-22 14:35:56,778
A36QGCT3MMXC4Q,experiment3_replication_real,-1,-1,-1,Female,57,-1,White,2021-12-22 14:35:57,779
A19H6QRCGKBOUH,experiment3_replication_real,-1,-1,-1,Male,51,-1,White,2021-12-22 14:36:35,780
AS37GZQDLLX25,experiment3_replication_real,-1,-1,-1,Male,35,-1,White,2021-12-22 14:37:26,781
A3UC8KZ5O8FVX9,experiment3_replication_real,-1,-1,-1,Female,35,-1,White,2021-12-22 14:37:41,782
A3KHSD6AHN8TWB,experiment3_replication_real,-1,-1,-1,Male,42,-1,White,2021-12-22 14:38:06,783
A2YLTA4QNKYSRY,experiment3_replication_real,-1,-1,-1,Male,23,-1,"Hispanic, Latinx, or Spanish origin",2021-12-22 14:38:18,784
A2LEBJWW395FST,experiment3_replication_real,-1,-1,-1,Male,42,-1,White,2021-12-22 14:38:48,785
ALJ70B2J04YR7,experiment3_replication_real,-1,-1,-1,Female,54,-1,White,2021-12-22 14:38:53,786
AGWSOBI4I4T9Z,experiment3_replication_real,-1,-1,-1,Female,35,-1,White,2021-12-22 14:39:16,787
AB1IYOW97MBMR,experiment3_replication_real,-1,-1,-1,Male,32,-1,White,2021-12-22 14:39:18,788
A2J43GKTP92XM2,experiment3_replication_real,-1,-1,-1,Male,37,-1,White,2021-12-22 14:39:37,789
A39GKPIPC99NDV,experiment3_replication_real,-1,-1,-1,Male,59,-1,White,2021-12-22 14:39:39,790
A20TOOYZRH6KUZ,experiment3_replication_real,-1,-1,-1,Female,42,-1,White,2021-12-22 14:39:59,791
A3NMU6AVMQ0QDB,experiment3_replication_real,-1,-1,-1,Other,36,-1,Prefer not to say,2021-12-22 14:40:00,792
A7EP5KKL8YQPX,experiment3_replication_real,-1,-1,-1,Male,28,-1,White,2021-12-22 14:40:05,793
APWB9BS1SONNS,experiment3_replication_real,-1,-1,-1,Male,40,-1,White,2021-12-22 14:40:07,794
A3CTXWISODY7D8,experiment3_replication_real,-1,-1,-1,Male,43,-1,White,2021-12-22 14:40:17,795
A3FY6THWKRYN9M,experiment3_replication_real,-1,-1,-1,Female,40,-1,White,2021-12-22 14:40:25,796
A37QB7EG3C5MWL,experiment3_replication_real,-1,-1,-1,Female,51,-1,White,2021-12-22 14:40:39,797
A2WNWCP4QCPGC,experiment3_replication_real,-1,-1,-1,Female,27,-1,White,2021-12-22 14:40:52,798
A10LHWALI4BZPC,experiment3_replication_real,-1,-1,-1,Male,30,-1,White,2021-12-22 14:41:00,799
AY6EYIDUN6SI1,experiment3_replication_real,-1,-1,-1,Female,28,-1,Asian,2021-12-22 14:41:16,800
A3A72O5VTCQM32,experiment3_replication_real,-1,-1,-1,Male,34,-1,"Hispanic, Latinx, or Spanish origin",2021-12-22 14:41:24,801
A16BLPK5DB2XGM,experiment3_replication_real,-1,-1,-1,Male,34,-1,White,2021-12-22 14:41:28,802
AH7I3K3OJKA5L,experiment3_replication_real,-1,-1,-1,Female,45,-1,White,2021-12-22 14:41:34,803
A2QOB4FDI8ZHOB,experiment3_replication_real,-1,-1,-1,Male,56,-1,White,2021-12-22 14:41:46,804
A2IYR9HF66R029,experiment3_replication_real,-1,-1,-1,Female,33,-1,White,2021-12-22 14:41:57,805
AW1EKO0NBU8XP,experiment3_replication_real,-1,-1,-1,Female,47,-1,White,2021-12-22 14:41:59,806
A1SKAGZXTWZW9D,experiment3_replication_real,-1,-1,-1,Male,44,-1,White,2021-12-22 14:42:09,807
A3SS0C4IVTSIFL,experiment3_replication_real,-1,-1,-1,Male,43,-1,White,2021-12-22 14:42:18,808
A2TG7EEQ2XG2IK,experiment3_replication_real,-1,-1,-1,Female,50,-1,Black or African American,2021-12-22 14:42:40,809
A1I6LWJWGKXOUU,experiment3_replication_real,-1,-1,-1,Male,68,-1,White,2021-12-22 14:42:40,810
A3PSV85ZUXP9VF,experiment3_replication_real,-1,-1,-1,Male,44,-1,White,2021-12-22 14:42:57,811
A3FTR5MN7ZLS8M,experiment3_replication_real,-1,-1,-1,Female,32,-1,White,2021-12-22 14:43:12,812
A2KHLJ2F58BEZK,experiment3_replication_real,-1,-1,-1,Male,32,-1,White,2021-12-22 14:43:29,813
A1T208Y507O4RS,experiment3_replication_real,-1,-1,-1,Female,41,-1,White,2021-12-22 14:43:33,814
A230VUDYOCRZ4N,experiment3_replication_real,-1,-1,-1,Female,57,-1,White,2021-12-22 14:44:01,815
A2C7VPGUGY5RAE,experiment3_replication_real,-1,-1,-1,Male,29,-1,White,2021-12-22 14:44:06,816
A1MKEILXWWLBW2,experiment3_replication_real,-1,-1,-1,Male,63,-1,White,2021-12-22 14:44:08,817
A2JCE6MD27QA5D,experiment3_replication_real,-1,-1,-1,Male,69,-1,White,2021-12-22 14:44:09,818
A1J9RWANLAAMZT,experiment3_replication_real,-1,-1,-1,Female,41,-1,White,2021-12-22 14:44:11,819
A20VH0U95N7M0T,experiment3_replication_real,-1,-1,-1,Female,57,-1,White,2021-12-22 14:44:24,820
A1EHEQSM7S7PLO,experiment3_replication_real,-1,-1,-1,Male,34,-1,White,2021-12-22 14:44:34,821
A3EP1E33TM7L1G,experiment3_replication_real,-1,-1,-1,Male,57,-1,Other,2021-12-22 14:44:38,822
A2EED3HLTA96CP,experiment3_replication_real,-1,-1,-1,Female,43,-1,White,2021-12-22 14:45:13,823
A31898LQJO7I3,experiment3_replication_real,-1,-1,-1,Male,29,-1,Asian,2021-12-22 14:45:59,824
A16E38HXNQBLCU,experiment3_replication_real,-1,-1,-1,Male,33,-1,White,2021-12-22 14:46:00,825
A29DF24JS60P35,experiment3_replication_real,-1,-1,-1,Female,39,-1,White,2021-12-22 14:46:03,826
A3D755O9XF02U6,experiment3_replication_real,-1,-1,-1,Male,50,-1,White,2021-12-22 14:46:04,827
A3GW3MPLVGG7PZ,experiment3_replication_real,-1,-1,-1,Female,32,-1,White,2021-12-22 14:46:10,828
A2TXC8Q2IFGRXH,experiment3_replication_real,-1,-1,-1,Male,70,-1,White,2021-12-22 14:46:29,829
A2H4LJ4CXZQ304,experiment3_replication_real,-1,-1,-1,Female,61,-1,Black or African American,2021-12-22 14:47:19,830
AB8BRFF4ZTZ40,experiment3_replication_real,-1,-1,-1,Male,23,-1,Asian,2021-12-22 14:47:49,831
A28A7NZUJWGZ7Q,experiment3_replication_real,-1,-1,-1,Female,34,-1,White,2021-12-22 14:48:02,832
AP9ISQIQYG3TN,experiment3_replication_real,-1,-1,-1,Female,58,-1,White,2021-12-22 14:48:13,833
AKMOBFEEKW378,experiment3_replication_real,-1,-1,-1,Female,39,-1,White,2021-12-22 14:48:23,834
AS6FM754MF2B2,experiment3_replication_real,-1,-1,-1,Female,32,-1,White,2021-12-22 14:49:13,835
AJDHPRCJ985C7,experiment3_replication_real,-1,-1,-1,Female,42,-1,White,2021-12-22 14:49:28,836
A3CMOHJ8HNNDPL,experiment3_replication_real,-1,-1,-1,Male,35,-1,White,2021-12-22 14:49:28,837
AL7BM2XFD0K6D,experiment3_replication_real,-1,-1,-1,Female,36,-1,White,2021-12-22 14:49:31,838
A2MT0GKZ7UJ1LF,experiment3_replication_real,-1,-1,-1,Male,38,-1,White,2021-12-22 14:49:47,839
A3S67QA0SQVPUJ,experiment3_replication_real,-1,-1,-1,Male,39,-1,Black or African American,2021-12-22 14:49:52,840
A2WRTPJ8WC51RH,experiment3_replication_real,-1,-1,-1,Female,31,-1,White,2021-12-22 14:50:09,841
A1SL72YBUW8Q8K,experiment3_replication_real,-1,-1,-1,Female,53,-1,White,2021-12-22 14:50:17,842
A2PB7NREC1A0ED,experiment3_replication_real,-1,-1,-1,Male,39,-1,White,2021-12-22 14:50:30,843
AUIRZWDQI6HX0,experiment3_replication_real,-1,-1,-1,Female,41,-1,White,2021-12-22 14:50:38,844
A3RT82GOZ3OGJO,experiment3_replication_real,-1,-1,-1,Male,71,-1,White,2021-12-22 14:50:39,845
A2IZAD6SRVCPRY,experiment3_replication_real,-1,-1,-1,Male,28,-1,White,2021-12-22 14:50:48,846
A150XGQ7KWLBWN,experiment3_replication_real,-1,-1,-1,Female,46,-1,White,2021-12-22 14:50:59,847
A3UC9N3EEE6733,experiment3_replication_real,-1,-1,-1,Male,24,-1,White,2021-12-22 14:51:04,848
A2A6ZWMDAMBO3Q,experiment3_replication_real,-1,-1,-1,Female,46,-1,White,2021-12-22 14:51:35,849
A2J19EIW5MDXE9,experiment3_replication_real,-1,-1,-1,Male,43,-1,White,2021-12-22 14:51:40,850
AIBKZGF8C7APR,experiment3_replication_real,-1,-1,-1,Male,25,-1,White,2021-12-22 14:51:58,851
A2S1lS5 1X1KV,experiment3_replication_real,-1,-1,-1,Female,53,-1,White,2021-12-22 14:52:07,852
AOS2PVHT2HYTL,experiment3_replication_real,-1,-1,-1,Female,67,-1,White,2021-12-22 14:52:15,853
A70L26UXLTGLC,experiment3_replication_real,-1,-1,-1,Male,44,-1,White,2021-12-22 14:52:18,854
A3HVFSD8K94SOR,experiment3_replication_real,-1,-1,-1,Female,54,-1,Black or African American,2021-12-22 14:52:29,855
A2V66KLFVJTLKC,experiment3_replication_real,-1,-1,-1,Female,40,-1,White,2021-12-22 14:52:32,856
AFRKVRPZ2RHY8,experiment3_replication_real,-1,-1,-1,Male,38,-1,White,2021-12-22 14:52:36,857
A2DLYBXZNSSJ4S,experiment3_replication_real,-1,-1,-1,Male,27,-1,White,2021-12-22 14:52:48,858
A2MI6AUNBXGL47,experiment3_replication_real,-1,-1,-1,Male,62,-1,White,2021-12-22 14:52:50,859
A249M2F9FFNIK2,experiment3_replication_real,-1,-1,-1,Male,46,-1,White,2021-12-22 14:52:55,860
A38E1DWG5IF0KL,experiment3_replication_real,-1,-1,-1,Female,20,-1,White,2021-12-22 14:53:09,861
A3HHWIXEB86LL3,experiment3_replication_real,-1,-1,-1,Female,50,-1,White,2021-12-22 14:53:36,862
A198H320N5MSXX,experiment3_replication_real,-1,-1,-1,Female,37,-1,White,2021-12-22 14:53:45,863
AFTFOBESP6XUB,experiment3_replication_real,-1,-1,-1,Male,34,-1,White,2021-12-22 14:53:46,864
A3GCYGO7UPKXO9,experiment3_replication_real,-1,-1,-1,Female,32,-1,White,2021-12-22 14:53:56,865
A1PRD9YPNCBEPB,experiment3_replication_real,-1,-1,-1,Male,30,-1,White,2021-12-22 14:54:06,866
A2IOT3PCS9G5RK,experiment3_replication_real,-1,-1,-1,Male,44,-1,White,2021-12-22 14:54:06,867
A3I5EF53A51KYU,experiment3_replication_real,-1,-1,-1,Female,29,-1,White,2021-12-22 14:55:04,868
A1RF95TSDZDJLL,experiment3_replication_real,-1,-1,-1,Male,24,-1,Black or African American,2021-12-22 14:55:21,869
A13QNZQ6JAI4YJ,experiment3_replication_real,-1,-1,-1,Female,43,-1,White,2021-12-22 14:55:24,870
A3HSE9ADXSVSF8,experiment3_replication_real,-1,-1,-1,Female,73,-1,White,2021-12-22 14:55:29,871
A2YR29YNFLZSUG,experiment3_replication_real,-1,-1,-1,Male,57,-1,White,2021-12-22 14:55:30,872
A2UI8O9F6DRQR1,experiment3_replication_real,-1,-1,-1,Female,34,-1,White,2021-12-22 14:56:01,873
A1FUQIDCR4U4QQ,experiment3_replication_real,-1,-1,-1,Male,53,-1,White,2021-12-22 14:56:12,874
A12RF9L2BN8B5W,experiment3_replication_real,-1,-1,-1,Male,39,-1,White,2021-12-22 14:56:12,875
A39FJ7RWX4B9J,experiment3_replication_real,-1,-1,-1,Female,43,-1,White,2021-12-22 14:56:32,876
AJQGWGESKQT4Y,experiment3_replication_real,-1,-1,-1,Male,45,-1,White,2021-12-22 14:56:42,877
A2KMHUYFMCXRJ9,experiment3_replication_real,-1,-1,-1,Male,39,-1,White,2021-12-22 14:56:55,878
A2BO1Y69XEXKSL,experiment3_replication_real,-1,-1,-1,Female,32,-1,White,2021-12-22 14:56:59,879
A2078XQX9ZSWBC,experiment3_replication_real,-1,-1,-1,Male,42,-1,White,2021-12-22 14:57:00,880
A3R55C67WKDZKO,experiment3_replication_real,-1,-1,-1,Female,64,-1,White,2021-12-22 14:57:19,881
A38IZLCH8VYVFK,experiment3_replication_real,-1,-1,-1,Male,47,-1,White,2021-12-22 14:57:21,882
A3H4B9BMSFGXWG,experiment3_replication_real,-1,-1,-1,Male,42,-1,White,2021-12-22 14:57:55,883
A3GO51V2J3BBCT,experiment3_replication_real,-1,-1,-1,Female,32,-1,White,2021-12-22 14:57:59,884
AVKMFV9CZ0MLR,experiment3_replication_real,-1,-1,-1,Male,71,-1,White,2021-12-22 14:58:15,885
AYXN53TNFG71P,experiment3_replication_real,-1,-1,-1,Female,70,-1,White,2021-12-22 14:58:31,886
A1KZ0KE93WNN5O,experiment3_replication_real,-1,-1,-1,Female,54,-1,White,2021-12-22 14:58:46,887
A2A9FMATFZABXC,experiment3_replication_real,-1,-1,-1,Male,23,-1,Black or African American,2021-12-22 14:58:49,888
A3CFNUD7VR2E1E,experiment3_replication_real,-1,-1,-1,Female,36,-1,White,2021-12-22 14:59:03,889
A11DJHOJ5CEV4A,experiment3_replication_real,-1,-1,-1,Female,35,-1,Black or African American,2021-12-22 14:59:28,890
A203KZ01LO7120,experiment3_replication_real,-1,-1,-1,Male,33,-1,White,2021-12-22 15:00:31,891
A1LR7DP7OLTN22,experiment3_replication_real,-1,-1,-1,Male,41,-1,White,2021-12-22 15:00:58,892
AOJD8D9NXVAR3,experiment3_replication_real,-1,-1,-1,Female,74,-1,White,2021-12-22 15:01:25,893
A15F2JTVAJXITI,experiment3_replication_real,-1,-1,-1,Female,43,-1,White,2021-12-22 15:01:42,894
A2HXAA4WF7IVYG,experiment3_replication_real,-1,-1,-1,Female,36,-1,White,2021-12-22 15:01:46,895
A30AGR5KF8IEL,experiment3_replication_real,-1,-1,-1,Female,53,-1,White,2021-12-22 15:02:08,896
AJ8YRFXUNYNIH,experiment3_replication_real,-1,-1,-1,Female,63,-1,White,2021-12-22 15:02:10,897
A1LRJ2MQD4AMES,experiment3_replication_real,-1,-1,-1,Male,38,-1,White,2021-12-22 15:02:58,898
A1S56RBP0Q3BT,experiment3_replication_real,-1,-1,-1,Male,55,-1,White,2021-12-22 15:03:02,899
A1C8FN01981A69,experiment3_replication_real,-1,-1,-1,Male,40,-1,White,2021-12-22 15:03:09,900
A2BGRGVU9HG0C6,experiment3_replication_real,-1,-1,-1,Male,47,-1,Black or African American,2021-12-22 15:03:40,901
A35TUIBF05DKM4,experiment3_replication_real,-1,-1,-1,Male,29,-1,White,2021-12-22 15:04:06,902
A80X2FTFDSR19,experiment3_replication_real,-1,-1,-1,Female,29,-1,Other,2021-12-22 15:04:16,903
AP9WIQ4P78XLH,experiment3_replication_real,-1,-1,-1,Male,50,-1,White,2021-12-22 15:04:47,904
A36HFMF9Z4BGS8,experiment3_replication_real,-1,-1,-1,Male,58,-1,White,2021-12-22 15:05:10,905
A387QR9H4L2IHO,experiment3_replication_real,-1,-1,-1,Male,43,-1,White,2021-12-22 15:05:43,906
AVBLMDK750VFG,experiment3_replication_real,-1,-1,-1,Female,43,-1,Black or African American,2021-12-22 15:05:52,907
AQ53YJDPDDLZ,experiment3_replication_real,-1,-1,-1,Male,41,-1,Asian,2021-12-22 15:06:39,908
A3RN5GD583FY4K,experiment3_replication_real,-1,-1,-1,Male,41,-1,White,2021-12-22 15:07:24,909
A3EYRDEQ7CXUMN,experiment3_replication_real,-1,-1,-1,Male,51,-1,Other,2021-12-22 15:07:31,910
AZFBQWB2VSG5D,experiment3_replication_real,-1,-1,-1,Female,29,-1,White,2021-12-22 15:08:01,911
A1UZ91EFSJFUM8,experiment3_replication_real,-1,-1,-1,Female,44,-1,White,2021-12-22 15:08:04,912
A10Z9NV22LNS5A,experiment3_replication_real,-1,-1,-1,Female,44,-1,White,2021-12-22 15:08:07,913
A1G6F1HWIS2K2K,experiment3_replication_real,-1,-1,-1,Female,53,-1,White,2021-12-22 15:09:25,914
A2JJIYN79SQWT7,experiment3_replication_real,-1,-1,-1,Female,53,-1,Black or African American,2021-12-22 15:10:07,915
A2137K4XEU12TI,experiment3_replication_real,-1,-1,-1,Female,46,-1,White,2021-12-22 15:10:23,916
A225BMTMXUR5F4\n,experiment3_replication_real,-1,-1,-1,Female,52,-1,White,2021-12-22 15:10:28,917
A2WZTMXWD20NYE,experiment3_replication_real,-1,-1,-1,Male,42,-1,"Hispanic, Latinx, or Spanish origin",2021-12-22 15:10:40,918
A1UXSPA640D4HZ,experiment3_replication_real,-1,-1,-1,Female,36,-1,White,2021-12-22 15:10:46,919
AFJFYJZ849YOZ,experiment3_replication_real,-1,-1,-1,Female,22,-1,White,2021-12-22 15:11:09,920
A34FFFROPR98NA,experiment3_replication_real,-1,-1,-1,Female,41,-1,White,2021-12-22 15:11:37,921
A2D98V3ZYWDMJO,experiment3_replication_real,-1,-1,-1,Male,58,-1,White,2021-12-22 15:12:13,922
A2BL6ZVUM0B9C8,experiment3_replication_real,-1,-1,-1,Male,52,-1,White,2021-12-22 15:12:16,923
A1JGZD9FUDYJ30,experiment3_replication_real,-1,-1,-1,Male,38,-1,White,2021-12-22 15:15:24,924
AXKVHJHF1EOVT,experiment3_replication_real,-1,-1,-1,Male,43,-1,White,2021-12-22 15:17:06,925
A1QMJNJ5FGC09,experiment3_replication_real,-1,-1,-1,Male,23,-1,Black or African American,2021-12-22 15:19:01,926
A3M8O363B3IAKE,experiment3_replication_real,-1,-1,-1,Male,47,-1,Other,2021-12-22 15:19:49,927
A2I9PUZT19ZBO8,experiment3_replication_real,-1,-1,-1,Male,33,-1,White,2021-12-22 15:21:17,928
A18WSAKX5YN2FB,experiment3_replication_real,-1,-1,-1,Female,43,-1,Other,2021-12-22 15:21:37,929
A3OPRR8AXT6OSJ,experiment3_replication_real,-1,-1,-1,Male,53,-1,White,2021-12-22 15:21:48,930
A1EQ60VAICF0S7,experiment3_replication_real,-1,-1,-1,Male,40,-1,White,2021-12-22 15:22:02,931
ARJ8XLYXTWNE,experiment3_replication_real,-1,-1,-1,Female,30,-1,Black or African American,2021-12-22 15:22:23,932
ASK6BGTYY8SV1,experiment3_replication_real,-1,-1,-1,Female,41,-1,White,2021-12-22 15:22:25,933
A4HNS81WU3KY1,experiment3_replication_real,-1,-1,-1,Female,37,-1,White,2021-12-22 15:23:11,934
ATM16ZFO5CVKQ,experiment3_replication_real,-1,-1,-1,Female,20,-1,Black or African American,2021-12-22 15:24:50,935
A31Y2UA2LPDSWZ,experiment3_replication_real,-1,-1,-1,Male,59,-1,White,2021-12-22 15:25:09,936
A20ASMCESA51U4,experiment3_replication_real,-1,-1,-1,Male,59,-1,White,2021-12-22 15:25:12,937
A3QUWIT972BYUH,experiment3_replication_real,-1,-1,-1,Female,57,-1,White,2021-12-22 15:26:12,938
A1IZ4NX41GKU4X,experiment3_replication_real,-1,-1,-1,Male,29,-1,"Hispanic, Latinx, or Spanish origin",2021-12-22 15:26:30,939
A37JE78044N1C1,experiment3_replication_real,-1,-1,-1,Male,30,-1,White,2021-12-22 15:26:30,940
A1ILD5BPLI8X1P,experiment3_replication_real,-1,-1,-1,Male,26,-1,White,2021-12-22 15:27:38,941
A1BZNPQ0H7ZSER,experiment3_replication_real,-1,-1,-1,Male,39,-1,White,2021-12-22 15:27:52,942
A1V8FJHR0XVNCV,experiment3_replication_real,-1,-1,-1,Female,31,-1,Native Hawaiian or Other Pacific Islander,2021-12-22 15:28:35,943
AE8SP12FT4ZSP,experiment3_replication_real,-1,-1,-1,Female,30,-1,White,2021-12-22 15:29:21,944
A15IQJIXHKF85,experiment3_replication_real,-1,-1,-1,Female,38,-1,White,2021-12-22 15:30:02,945
A8MNBLIV99SXV,experiment3_replication_real,-1,-1,-1,Female,48,-1,Black or African American,2021-12-22 15:30:22,946
A1UBV2NP7OVDVV,experiment3_replication_real,-1,-1,-1,Male,40,-1,White,2021-12-22 15:30:47,947
A3FXVNZ5VG98IP,experiment3_replication_real,-1,-1,-1,Male,42,-1,White,2021-12-22 15:30:55,948
A66YRRA681560,experiment3_replication_real,-1,-1,-1,Male,33,-1,White,2021-12-22 15:32:04,949
AY7WPVKHVNBLG,experiment3_replication_real,-1,-1,-1,Female,49,-1,White,2021-12-22 15:32:08,950
A26ZENZ5G8AEGM,experiment3_replication_real,-1,-1,-1,Female,62,-1,White,2021-12-22 15:32:17,951
A2E2UARVOVDR9Y,experiment3_replication_real,-1,-1,-1,Male,37,-1,White,2021-12-22 15:33:09,952
A25L985XCNESXE,experiment3_replication_real,-1,-1,-1,Female,53,-1,White,2021-12-22 15:33:50,953
A1M2KOUMT605QW,experiment3_replication_real,-1,-1,-1,Female,50,-1,White,2021-12-22 15:35:32,954
A1EX655HLB0NS4,experiment3_replication_real,-1,-1,-1,Male,47,-1,White,2021-12-22 15:35:38,955
AI6TD8PM938FQ,experiment3_replication_real,-1,-1,-1,Male,31,-1,"Hispanic, Latinx, or Spanish origin",2021-12-22 15:36:13,956
AVMSKBK9JWV0M,experiment3_replication_real,-1,-1,-1,Male,52,-1,White,2021-12-22 15:37:21,957
AADRZTXSE7211,experiment3_replication_real,-1,-1,-1,Male,47,-1,Asian,2021-12-22 15:38:00,958
A1DWSHGZGK8X0K,experiment3_replication_real,-1,-1,-1,Female,47,-1,White,2021-12-22 15:38:22,959
A1OUBPOCEOG55N,experiment3_replication_real,-1,-1,-1,Female,60,-1,White,2021-12-22 15:39:49,960
A3BTK49X4ITNXJ,experiment3_replication_real,-1,-1,-1,Female,37,-1,White,2021-12-22 15:41:31,961
A26WVAVVE1RM47,experiment3_replication_real,-1,-1,-1,Female,27,-1,White,2021-12-22 15:42:26,962
ATKNH6OR2G11O,experiment3_replication_real,-1,-1,-1,Female,33,-1,White,2021-12-22 15:42:42,963
AW1QY7Q83DYCJ,experiment3_replication_real,-1,-1,-1,Male,49,-1,White,2021-12-22 15:44:20,964
A3MELYYGRJ61SX,experiment3_replication_real,-1,-1,-1,Female,59,-1,White,2021-12-22 15:44:34,965
A1OKMU27HBN9T3,experiment3_replication_real,-1,-1,-1,Female,49,-1,White,2021-12-22 15:45:49,966
A3HNEYFOIJWPH1,experiment3_replication_real,-1,-1,-1,Male,38,-1,White,2021-12-22 15:45:59,967
A1U8ZC4THEZXR1,experiment3_replication_real,-1,-1,-1,Female,27,-1,White,2021-12-22 15:46:16,968
AOTSROWZG1XS1,experiment3_replication_real,-1,-1,-1,Male,45,-1,White,2021-12-22 15:46:18,969
A1R3S4GZ4P7FBO,experiment3_replication_real,-1,-1,-1,Male,38,-1,White,2021-12-22 15:47:03,970
A2C84POENS2UNY,experiment3_replication_real,-1,-1,-1,Female,41,-1,White,2021-12-22 15:48:53,971
A10M63DSIGIEDI,experiment3_replication_real,-1,-1,-1,Male,24,-1,White,2021-12-22 15:50:00,972
A38KHY10NNFR7Z,experiment3_replication_real,-1,-1,-1,Female,36,-1,Middle Eastern or North African,2021-12-22 15:50:51,973
A6U2C66WQ7QQN,experiment3_replication_real,-1,-1,-1,Female,40,-1,"Hispanic, Latinx, or Spanish origin",2021-12-22 15:51:32,974
A25X755IRWK2U5,experiment3_replication_real,-1,-1,-1,Female,39,-1,White,2021-12-22 15:53:49,975
A1XRWOK00HK1J4,experiment3_replication_real,-1,-1,-1,Female,40,-1,White,2021-12-22 15:56:55,976
ANAH6AKNR5WSA,experiment3_replication_real,-1,-1,-1,Male,32,-1,White,2021-12-22 15:57:18,977
A1R2VTQSLGLMM9,experiment3_replication_real,-1,-1,-1,Male,58,-1,White,2021-12-22 15:57:24,978
AEQT4MJIZFCZ4,experiment3_replication_real,-1,-1,-1,Female,59,-1,White,2021-12-22 15:57:26,979
A2L8BI5CRPR5WP,experiment3_replication_real,-1,-1,-1,Male,24,-1,White,2021-12-22 15:57:47,980
A29HNN7SWL3N31,experiment3_replication_real,-1,-1,-1,Female,36,-1,White,2021-12-22 15:58:22,981
A35S5YV2XL971J,experiment3_replication_real,-1,-1,-1,Male,24,-1,White,2021-12-22 15:59:23,982
A3UQ5DF8VVD975,experiment3_replication_real,-1,-1,-1,Male,42,-1,White,2021-12-22 16:00:07,983
A2K0L9M1ZZO5C9,experiment3_replication_real,-1,-1,-1,Female,43,-1,White,2021-12-22 16:03:07,984
A23G1L7KYHK9F2,experiment3_replication_real,-1,-1,-1,Male,38,-1,"Hispanic, Latinx, or Spanish origin",2021-12-22 16:03:08,985
A1K4FKVCBTX1RN,experiment3_replication_real,-1,-1,-1,Male,31,-1,Black or African American,2021-12-22 16:03:09,986
A106MX66IVHW6T,experiment3_replication_real,-1,-1,-1,Male,41,-1,White,2021-12-22 16:03:15,987
A1F1OZ54G177D8,experiment3_replication_real,-1,-1,-1,Male,48,-1,White,2021-12-22 16:05:22,988
AGT9MCZWXR88C,experiment3_replication_real,-1,-1,-1,Male,59,-1,White,2021-12-22 16:05:26,989
A27PVIL93ZMY46,experiment3_replication_real,-1,-1,-1,Female,42,-1,White,2021-12-22 16:05:32,990
A2ICGX21IQ48M9,experiment3_replication_real,-1,-1,-1,Female,30,-1,White,2021-12-22 16:06:58,991
A2H1QUGX0SOUMH,experiment3_replication_real,-1,-1,-1,Male,71,-1,White,2021-12-22 16:07:59,992
A1KPSS6Z35MDC,experiment3_replication_real,-1,-1,-1,Male,44,-1,Black or African American,2021-12-22 16:09:41,993
AS4NIEQJWCG3M,experiment3_replication_real,-1,-1,-1,Female,33,-1,White,2021-12-22 16:11:03,994
AJQ71YIGY01HZ,experiment3_replication_real,-1,-1,-1,Female,34,-1,White,2021-12-22 16:11:28,995
ABBP9JASL9AGK,experiment3_replication_real,-1,-1,-1,Female,31,-1,White,2021-12-22 16:17:11,996
AL36KBFL3ORCD,experiment3_replication_real,-1,-1,-1,Female,29,-1,White,2021-12-22 16:19:56,997
A22WWSTT8TU7G1,experiment3_replication_real,-1,-1,-1,Female,39,-1,White,2021-12-22 16:21:30,998
A3DW6KSQPG6GVQ,experiment3_replication_real,-1,-1,-1,Female,33,-1,Black or African American,2021-12-22 16:24:47,999
A2EIQYUSCVZTML,experiment3_replication_real,-1,-1,-1,Female,49,-1,White,2021-12-22 16:26:16,1000
A2TZAXWOB3JMNV,experiment3_replication_real,-1,-1,-1,Female,48,-1,White,2021-12-22 16:30:09,1001
A3APMO8WXVH1V0,experiment3_replication_real,-1,-1,-1,Female,30,-1,White,2021-12-22 16:33:59,1002
A1PTX4IB9R34LI,experiment3_replication_real,-1,-1,-1,Male,40,-1,White,2021-12-22 16:35:02,1003
A2MQMMCVZJTFL2,experiment3_replication_real,-1,-1,-1,Female,50,-1,White,2021-12-22 16:35:03,1004
A2A7SNW66I2ZZT,experiment3_replication_real,-1,-1,-1,Female,27,-1,Black or African American,2021-12-22 16:37:24,1005
A1JVZ2MVPSFZA,experiment3_replication_real,-1,-1,-1,Female,52,-1,White,2021-12-22 16:37:58,1006
A2TL53L560W89V,experiment3_replication_real,-1,-1,-1,Male,64,-1,White,2021-12-22 16:39:49,1007
A3R1L6ID6NE0LU,experiment3_replication_real,-1,-1,-1,Female,34,-1,White,2021-12-22 16:45:00,1008
A1B179AI3LZKWS,experiment3_replication_real,-1,-1,-1,Female,60,-1,White,2021-12-22 16:45:30,1009
ARQ7R97434PM2,experiment3_replication_real,-1,-1,-1,Male,34,-1,White,2021-12-22 16:48:39,1010
A1G3TBNF8L2W7A,experiment3_replication_real,-1,-1,-1,Female,30,-1,White,2021-12-22 16:48:45,1011
A2O8I5KDFW41DO,experiment3_replication_real,-1,-1,-1,Male,42,-1,Asian,2021-12-22 16:49:18,1012
A3IDG9C18BCATK,experiment3_replication_real,-1,-1,-1,Male,32,-1,White,2021-12-22 16:50:51,1013
AV7A20KYBTQHL,experiment3_replication_real,-1,-1,-1,Female,64,-1,White,2021-12-22 16:53:35,1014
A34S4MNB9TTJS9,experiment3_replication_real,-1,-1,-1,Female,42,-1,"Hispanic, Latinx, or Spanish origin",2021-12-22 16:54:10,1015
A35OWV8U5NMY15,experiment3_replication_real,-1,-1,-1,Female,63,-1,White,2021-12-22 16:55:08,1016
AVQGY7FCU80XP,experiment3_replication_real,-1,-1,-1,Male,45,-1,Black or African American,2021-12-22 16:55:25,1017
A17FYMZVQ56MGG,experiment3_replication_real,-1,-1,-1,Female,52,-1,Other,2021-12-22 16:57:02,1018
A4LG89UTZF0AG,experiment3_replication_real,-1,-1,-1,Female,34,-1,White,2021-12-22 16:59:30,1019
A3BWB2PMOZY5MP,experiment3_replication_real,-1,-1,-1,Female,37,-1,"Hispanic, Latinx, or Spanish origin",2021-12-22 17:00:25,1020
A1M3KGD9H8RTBH,experiment3_replication_real,-1,-1,-1,Female,51,-1,White,2021-12-22 17:03:09,1021
A38K45F4I17TKB,experiment3_replication_real,-1,-1,-1,Female,35,-1,White,2021-12-22 17:03:37,1022
A36PRTZFECB76C,experiment3_replication_real,-1,-1,-1,Female,69,-1,White,2021-12-22 17:03:51,1023
A25ZG6BQSEKMBE,experiment3_replication_real,-1,-1,-1,Female,33,-1,White,2021-12-22 17:04:09,1024
AC3KUH19IYLOM,experiment3_replication_real,-1,-1,-1,Female,50,-1,White,2021-12-22 17:07:32,1025
A1QCUR2Z75LS5N,experiment3_replication_real,-1,-1,-1,Female,31,-1,"Hispanic, Latinx, or Spanish origin",2021-12-22 17:07:37,1026
A3R0QO6884CV1P,experiment3_replication_real,-1,-1,-1,Male,54,-1,Black or African American,2021-12-22 17:08:22,1027
A292TFDMNVS0TP,experiment3_replication_real,-1,-1,-1,Female,49,-1,Asian,2021-12-22 17:08:25,1028
A2KULPQLIRYC9D,experiment3_replication_real,-1,-1,-1,Male,50,-1,White,2021-12-22 17:13:55,1029
A27VK38SRSSHV3,experiment3_replication_real,-1,-1,-1,Female,33,-1,Asian,2021-12-22 17:14:09,1030
A3IO4P2AU6NA18,experiment3_replication_real,-1,-1,-1,Male,57,-1,Prefer not to say,2021-12-22 17:14:34,1031
AE63GABJL0FGJ,experiment3_replication_real,-1,-1,-1,Female,28,-1,White,2021-12-22 17:21:53,1032
A33XAJW8WGY3O9,experiment3_replication_real,-1,-1,-1,Male,32,-1,Black or African American,2021-12-22 17:22:29,1033
A314XJY8V1YL12,experiment3_replication_real,-1,-1,-1,Female,49,-1,White,2021-12-22 17:24:31,1034
A3ATU3VULAB7K2,experiment3_replication_real,-1,-1,-1,Male,30,-1,Asian,2021-12-22 17:26:58,1035
A1NLW5ZS2WQR35,experiment3_replication_real,-1,-1,-1,Female,56,-1,White,2021-12-22 17:28:21,1036
A1KK9SJUQRAH,experiment3_replication_real,-1,-1,-1,Male,35,-1,White,2021-12-22 17:28:55,1037
AXYC1MB6XJ978,experiment3_replication_real,-1,-1,-1,Female,29,-1,White,2021-12-22 17:36:44,1038
A2XRYF0L5ACD2E,experiment3_replication_real,-1,-1,-1,Male,73,-1,White,2021-12-22 17:39:55,1039
A5DZDONM2Y082,experiment3_replication_real,-1,-1,-1,Female,41,-1,White,2021-12-22 17:50:41,1040
A25FJAJGTWFMP,experiment3_replication_real,-1,-1,-1,Female,64,-1,White,2021-12-22 17:57:48,1041
A1B9H14AV44C0G,experiment3_replication_real,-1,-1,-1,Female,48,-1,Black or African American,2021-12-22 18:03:30,1042
A1AO1LLP3INAZF,experiment3_replication_real,-1,-1,-1,Female,35,-1,"Hispanic, Latinx, or Spanish origin",2021-12-22 18:08:24,1043
A25AYMSZNDW1VJ,experiment3_replication_real,-1,-1,-1,Male,35,-1,Black or African American,2021-12-22 18:11:13,1044
A17FGZ1I5P9RZA,experiment3_replication_real,-1,-1,-1,Female,53,-1,White,2021-12-22 18:14:44,1045
A20FCMWP43CVIU,experiment3_replication_real,-1,-1,-1,Female,34,-1,Prefer not to say,2021-12-22 18:20:17,1046
ANUA9X7BFPTR8,experiment3_replication_real,-1,-1,-1,Female,31,-1,White,2021-12-22 18:25:54,1047
A5TI9UQEPLNWI,experiment3_replication_real,-1,-1,-1,Male,47,-1,White,2021-12-22 18:26:30,1048
AK2XJWYN3PF2V,experiment3_replication_real,-1,-1,-1,Male,37,-1,White,2021-12-22 18:36:58,1049
A2GSLJEIPG3QD9,experiment3_replication_real,-1,-1,-1,Male,43,-1,White,2021-12-22 18:47:41,1050
A1YBJN6WT3X8B5,experiment3_replication_real,-1,-1,-1,Male,38,-1,White,2021-12-22 18:48:04,1051
A2I8YALVTOJN49,experiment3_replication_real,-1,-1,-1,Female,40,-1,White,2021-12-22 18:50:06,1052
A31A1PVXLJBISZ,experiment3_replication_real,-1,-1,-1,Male,32,-1,Black or African American,2021-12-22 18:52:57,1053
AOSO1D81K0ET0,experiment3_replication_real,-1,-1,-1,Male,64,-1,White,2021-12-22 18:53:03,1054
A3N66DKF3VNB9X,experiment3_replication_real,-1,-1,-1,Male,32,-1,White,2021-12-22 19:02:20,1055
A1WBAYE0MV31QX,experiment3_replication_real,-1,-1,-1,Male,35,-1,White,2021-12-22 19:03:48,1056
A3G1HG9Q8M4UI5,experiment3_replication_real,-1,-1,-1,Female,45,-1,Asian,2021-12-22 19:03:59,1057
A118AEVQ81QLG0,experiment3_replication_real,-1,-1,-1,Female,27,-1,White,2021-12-22 19:25:39,1058
A1G5EPLJEGL381,experiment3_replication_real,-1,-1,-1,Female,31,-1,Other,2021-12-22 19:29:54,1059
ADY44EV3GCW85,experiment3_replication_real,-1,-1,-1,Male,64,-1,White,2021-12-22 19:34:46,1060
A1CHU9J9YU9CS8,experiment3_replication_real,-1,-1,-1,Male,53,-1,Asian,2021-12-22 19:41:08,1061
AEOVYZ83Q3GX4,experiment3_replication_real,-1,-1,-1,Male,33,-1,White,2021-12-22 19:44:46,1062
A15Y215D57OSO5,experiment3_replication_real,-1,-1,-1,Male,33,-1,White,2021-12-22 19:44:47,1063
A3EUGO4VR2N4G1,experiment3_replication_real,-1,-1,-1,Male,30,-1,White,2021-12-22 20:05:43,1064
A3AH7A3EEODR5,experiment3_replication_real,-1,-1,-1,Male,31,-1,White,2021-12-22 21:10:13,1065
A3N5RLYH05PY8L,experiment3_replication_real,-1,-1,-1,Female,47,-1,White,2021-12-22 21:32:46,1066
A302KOFOYLD89A,experiment3_replication_real,-1,-1,-1,Female,44,-1,White,2021-12-22 22:32:11,1067
A1QC1K71RGKZBI,experiment3_replication_real,-1,-1,-1,Female,71,-1,White,2021-12-22 22:33:48,1068
A3JZNUBAIASMKA,experiment3_replication_real,-1,-1,-1,Male,32,-1,White,2021-12-22 22:38:58,1069
A2WBGRTWOXDE6M,experiment3_replication_real,-1,-1,-1,Female,36,-1,White,2021-12-22 23:24:57,1070
A1CY7IOJ9YH136,experiment3_replication_real,-1,-1,-1,Female,52,-1,White,2021-12-23 02:47:39,1071
